,dataset,DTW-I
0,vowels,0.951351351351
1,libras,0.861111111111
2,ecg,0.81
