Dataset,               Proposed, MDDTW_{1nn}, DTW-D,   DTW-I,    LBM
ECG                    , 0.9250, 0.865,       0.825,   0.810000, 0.690
Wafer                  , 0.9916, 0.988,       0.984,   0.861111, 0.936
AUSLAN                 , 1.0000, 0.959,       0.900,   1.000000, 0.763
Libras                 , 1.0000, 0.908,       0.905,   0.979062, 0.811
ArabicDigits           , 0.9737, 0.969,       0.963,   0.974108, 0.763
CharacterTrajectories  , 0.9789, 0.961,       0.956,   0.972273, 0.857
