Dataset                 ,  Jiffy         , LDPS           ,  K-Shape
ArabicDigits            , 0.84943170195  , 0.825700105384 ,  0.930
AUSLAN                  , 0.979605172894 , 0.979997392802 ,  none
CharacterTrajectories   , 0.965358096901 , 0.938567642168 ,  0.961568127392
ECG                     , 0.586130653266 , 0.539748743719 ,  0.623115577889
Libras                  , 0.882760755    , 0.869359331476 ,  0.474899411947
Wafer                   , 0.746078815424 , 0.553519202607 ,  0.545579251384
